num_node,node_min_capacity,node_capacity,num_copy,strategy,total_capacity,num_stored,num_utilized_node,utilized_capacity,redundancy
12000,16,64,3,Vanilla,781601,43462,11981,129747,2.9852974
12000,16,64,3,Vanilla,773712,34982,11955,104688,2.9926248
12000,16,64,3,Vanilla,783459,31588,11929,94628,2.9956946
12000,16,64,3,Vanilla,770097,41419,11977,123607,2.9843068
12000,16,64,3,Vanilla,784014,45587,11986,135850,2.9800162
12000,16,64,3,Vanilla,774279,56724,11993,167726,2.956879
12000,16,64,3,Vanilla,778814,26382,11861,79072,2.997195
12000,16,64,3,Vanilla,778554,47262,11991,140803,2.979201
12000,16,64,3,Vanilla,774120,47288,11986,140703,2.9754484
12000,16,64,3,Vanilla,770777,32780,11937,98168,2.994753
12000,16,64,3,Vanilla,768872,41972,11988,125373,2.9870627
12000,16,64,3,Vanilla,772313,44859,11983,133828,2.9833033
12000,16,64,3,Vanilla,772520,35695,11954,106745,2.990475
12000,16,64,3,Vanilla,781128,41966,11977,125269,2.9850116
12000,16,64,3,Vanilla,772103,47191,11990,140529,2.9778771
12000,16,64,3,Vanilla,772611,50541,11993,150415,2.9760985
12000,16,64,3,Vanilla,769781,18821,11634,56432,2.998353
12000,16,64,3,Vanilla,782915,33104,11942,99093,2.9933846
12000,16,64,3,Vanilla,777010,47206,11988,140511,2.9765496
12000,16,64,3,Vanilla,774476,40320,11978,120448,2.9873016
12000,16,64,3,Vanilla,765957,33473,11950,100186,2.9930391
12000,16,64,3,Vanilla,785585,47758,11985,142271,2.9789982
12000,16,64,3,Vanilla,774541,26333,11876,78939,2.9977214
12000,16,64,3,Vanilla,772892,48245,11986,143534,2.9751062
12000,16,64,3,Vanilla,766648,46628,11981,138784,2.976409
12000,16,64,3,Vanilla,775568,52325,11985,155165,2.9654086
12000,16,64,3,Vanilla,775775,52484,11994,155798,2.9684856
12000,16,64,3,Vanilla,781118,40690,11973,121500,2.9859917
12000,16,64,3,Vanilla,776226,43490,11973,129819,2.9850311
12000,16,64,3,Vanilla,771994,48881,11990,145393,2.9744277
12000,16,64,3,Vanilla,778462,36501,11965,109151,2.9903564
12000,16,64,3,Vanilla,789388,56152,11995,166138,2.9587193
12000,16,64,3,Vanilla,770481,32495,11945,97347,2.9957533
12000,16,64,3,Vanilla,774278,46317,11988,137914,2.9776108
12000,16,64,3,Vanilla,772749,40197,11979,120023,2.9858696
12000,16,64,3,Vanilla,778742,56262,11989,166161,2.9533434
12000,16,64,3,Vanilla,770694,33213,11948,99487,2.9954236
12000,16,64,3,Vanilla,781305,49090,11984,145753,2.9690976
12000,16,64,3,Vanilla,779391,47947,11989,142666,2.9754937
12000,16,64,3,Vanilla,770615,42504,11972,126891,2.9853897
12000,16,64,3,Vanilla,777642,45348,11980,135296,2.9835052
12000,16,64,3,Vanilla,774693,54160,11995,160424,2.9620385
12000,16,64,3,Vanilla,780267,37154,11970,111215,2.993352
12000,16,64,3,Vanilla,776459,49153,11976,145927,2.968832
12000,16,64,3,Vanilla,770998,58817,11992,173588,2.9513235
12000,16,64,3,Vanilla,771472,53038,11991,157249,2.9648366
12000,16,64,3,Vanilla,770170,48123,11987,143262,2.9769964
12000,16,64,3,Vanilla,788868,49440,11995,146965,2.972593
12000,16,64,3,Vanilla,779427,40152,11976,119904,2.9862523
12000,16,64,3,Vanilla,774288,37798,11967,113107,2.992407
12000,16,64,3,Vanilla,773345,30057,11895,90096,2.9975047
12000,16,64,3,Vanilla,770449,34911,11954,104561,2.995073
12000,16,64,3,Vanilla,772507,41498,11974,124017,2.9885054
12000,16,64,3,Vanilla,782340,50362,11984,149638,2.9712481
12000,16,64,3,Vanilla,767534,33685,11934,100877,2.9947157
12000,16,64,3,Vanilla,763059,40169,11972,119957,2.9863079
12000,16,64,3,Vanilla,772925,46599,11979,138739,2.9772956
12000,16,64,3,Vanilla,770205,29589,11919,88653,2.9961472
12000,16,64,3,Vanilla,775324,43741,11987,130393,2.9810247
12000,16,64,3,Vanilla,774933,44289,11988,131886,2.97785
12000,16,64,3,Vanilla,781234,43712,11978,130397,2.983094
12000,16,64,3,Vanilla,766532,46092,11988,137143,2.9754188
12000,16,64,3,Vanilla,774513,56839,11993,168150,2.9583561
12000,16,64,3,Vanilla,765685,41990,11980,125295,2.9839246
12000,16,64,3,Vanilla,778915,40204,11952,120064,2.9863696
12000,16,64,3,Vanilla,769113,52188,11995,154805,2.966295
12000,16,64,3,Vanilla,768902,38625,11962,115412,2.988013
12000,16,64,3,Vanilla,766104,46919,11984,139761,2.978772
12000,16,64,3,Vanilla,780369,40547,11966,121196,2.989025
12000,16,64,3,Vanilla,773333,53251,11993,157836,2.9640007
12000,16,64,3,Vanilla,777496,42442,11986,126568,2.9821403
12000,16,64,3,Vanilla,770308,47197,11984,140569,2.978346
12000,16,64,3,Vanilla,768986,40533,11958,121088,2.987393
12000,16,64,3,Vanilla,775334,46096,11985,137262,2.9777422
12000,16,64,3,Vanilla,779464,49355,11988,146776,2.9738832
12000,16,64,3,Vanilla,768416,52536,11996,155827,2.9660995
12000,16,64,3,Vanilla,775838,48031,11989,142885,2.9748495
12000,16,64,3,Vanilla,775249,52974,11988,156951,2.962793
12000,16,64,3,Vanilla,766697,37932,11973,113501,2.992223
12000,16,64,3,Vanilla,773774,33866,11961,101334,2.9922047
12000,16,64,3,Vanilla,770199,41959,11977,125253,2.9851284
12000,16,64,3,Vanilla,772451,45262,11992,134806,2.9783483
12000,16,64,3,Vanilla,776494,51767,11990,153746,2.9699616
12000,16,64,3,Vanilla,766716,45381,11985,135342,2.9823494
12000,16,64,3,Vanilla,776892,45593,11981,135813,2.9788125
12000,16,64,3,Vanilla,773886,40258,11967,120216,2.9861393
12000,16,64,3,Vanilla,773138,36794,11961,110099,2.9923086
12000,16,64,3,Vanilla,771145,38864,11967,116194,2.9897592
12000,16,64,3,Vanilla,770775,44647,11977,133181,2.9829776
12000,16,64,3,Vanilla,775316,51145,11988,151356,2.9593508
12000,16,64,3,Vanilla,765022,42515,11971,126913,2.9851346
12000,16,64,3,Vanilla,778349,32438,11911,97123,2.9941118
12000,16,64,3,Vanilla,777071,42900,11980,127959,2.9827273
12000,16,64,3,Vanilla,765803,40931,11968,122234,2.986343
12000,16,64,3,Vanilla,769645,40792,11988,121780,2.9853892
12000,16,64,3,Vanilla,770214,39493,11984,118061,2.989416
12000,16,64,3,Vanilla,774759,41476,11978,123852,2.9861124
12000,16,64,3,Vanilla,770953,55312,11988,163412,2.9543679
12000,16,64,3,Vanilla,774418,48090,11991,143180,2.9773343
12000,16,64,3,Vanilla,774370,34675,11933,103828,2.9943187
12000,32,64,3,Vanilla,768684,55496,11997,166352,2.9975493
12000,32,64,3,Vanilla,774856,61689,11995,184755,2.9949424
12000,32,64,3,Vanilla,780664,70664,11997,211131,2.9878156
12000,32,64,3,Vanilla,771989,58847,11990,176291,2.9957516
12000,32,64,3,Vanilla,771186,61431,11999,183730,2.9908352
12000,32,64,3,Vanilla,774525,69971,11999,209146,2.9890382
12000,32,64,3,Vanilla,772574,71212,11999,212800,2.9882605
12000,32,64,3,Vanilla,769015,56616,11999,169649,2.996485
12000,32,64,3,Vanilla,772702,80644,12000,239987,2.9758816
12000,32,64,3,Vanilla,774410,76210,11999,227259,2.9820101
12000,32,64,3,Vanilla,775824,56305,11993,168731,2.996732
12000,32,64,3,Vanilla,775294,60164,11997,180074,2.9930522
12000,32,64,3,Vanilla,775942,55637,11995,166800,2.998005
12000,32,64,3,Vanilla,775183,61802,11999,184940,2.9924598
12000,32,64,3,Vanilla,769426,69691,11999,208258,2.9883056
12000,32,64,3,Vanilla,770087,68564,12000,205058,2.9907532
12000,32,64,3,Vanilla,771451,75864,12000,226225,2.9819808
12000,32,64,3,Vanilla,776231,52534,11990,157393,2.9960215
12000,32,64,3,Vanilla,780561,66239,11997,198229,2.9926326
12000,32,64,3,Vanilla,778179,64741,11998,193852,2.9942694
12000,32,64,3,Vanilla,769865,52511,11985,157406,2.9975815
12000,32,64,3,Vanilla,771909,66814,11997,199879,2.9915736
12000,32,64,3,Vanilla,770476,61348,11996,183781,2.995713
12000,32,64,3,Vanilla,770605,67279,11996,201328,2.9924345
12000,32,64,3,Vanilla,769692,48296,11988,144798,2.9981365
12000,32,64,3,Vanilla,773961,78180,11998,233151,2.9822333
12000,32,64,3,Vanilla,774678,70309,11998,210039,2.98737
12000,32,64,3,Vanilla,775973,51246,11989,153675,2.9987707
12000,32,64,3,Vanilla,772213,72892,11998,217785,2.9877765
12000,32,64,3,Vanilla,773733,70732,11998,211388,2.9885767
12000,32,64,3,Vanilla,775655,77906,12000,231981,2.9777038
12000,32,64,3,Vanilla,769196,53057,11990,159028,2.9973047
12000,32,64,3,Vanilla,780037,63881,11996,191127,2.9919224
12000,32,64,3,Vanilla,773679,80942,12000,240851,2.9755998
12000,32,64,3,Vanilla,776239,63549,11999,190172,2.9925253
12000,32,64,3,Vanilla,775595,68717,11997,205399,2.9890566
12000,32,64,3,Vanilla,780809,77371,12000,230894,2.9842448
12000,32,64,3,Vanilla,779137,69122,11999,206755,2.9911606
12000,32,64,3,Vanilla,775782,71098,11999,212573,2.989859
12000,32,64,3,Vanilla,774847,71803,12000,214669,2.989694
12000,32,64,3,Vanilla,775603,61725,11994,184736,2.9928877
12000,32,64,3,Vanilla,769680,53272,11997,159710,2.9980102
12000,32,64,3,Vanilla,775383,65624,11996,196229,2.9902017
12000,32,64,3,Vanilla,773891,56931,11990,170544,2.9956262
12000,32,64,3,Vanilla,774790,68859,12000,205958,2.9910107
12000,32,64,3,Vanilla,767311,51666,11991,154872,2.9975612
12000,32,64,3,Vanilla,776794,49148,11983,147401,2.999125
12000,32,64,3,Vanilla,770022,60075,11998,179949,2.9954057
12000,32,64,3,Vanilla,773469,76113,11999,227023,2.98271
12000,32,64,3,Vanilla,773087,67366,11998,201290,2.9880059
12000,32,64,3,Vanilla,776071,67573,11994,202225,2.9926894
12000,32,64,3,Vanilla,774953,75920,12000,226449,2.9827318
12000,32,64,3,Vanilla,773174,72179,11995,215757,2.9891934
12000,32,64,3,Vanilla,771092,60719,11997,181969,2.9969037
12000,32,64,3,Vanilla,776007,56290,11999,168772,2.998259
12000,32,64,3,Vanilla,774441,52517,11990,157363,2.9964201
12000,32,64,3,Vanilla,779238,76059,12000,226914,2.9833944
12000,32,64,3,Vanilla,773667,58849,11996,176265,2.995208
12000,32,64,3,Vanilla,773854,63873,11995,191116,2.992125
12000,32,64,3,Vanilla,772398,50778,11994,152270,2.9987397
12000,32,64,3,Vanilla,763874,64304,11999,192543,2.9942617
12000,32,64,3,Vanilla,774892,62817,11999,188113,2.9946194
12000,32,64,3,Vanilla,774830,74355,11998,222056,2.98643
12000,32,64,3,Vanilla,774816,43238,11983,129657,2.9986818
12000,32,64,3,Vanilla,770780,54012,11986,161821,2.9960194
12000,32,64,3,Vanilla,770028,73453,11999,219323,2.9858956
12000,32,64,3,Vanilla,775734,57509,11995,172354,2.9969919
12000,32,64,3,Vanilla,770905,66225,12000,197979,2.9894903
12000,32,64,3,Vanilla,770036,61210,11998,183282,2.9943147
12000,32,64,3,Vanilla,776195,79394,12000,236461,2.9783232
12000,32,64,3,Vanilla,772599,69435,11999,207642,2.9904516
12000,32,64,3,Vanilla,773541,51991,11996,155902,2.9986343
12000,32,64,3,Vanilla,772287,81109,11998,241548,2.9780664
12000,32,64,3,Vanilla,778851,54044,11993,162038,2.9982607
12000,32,64,3,Vanilla,769626,55574,11991,166557,2.997031
12000,32,64,3,Vanilla,775187,66871,11995,200178,2.993495
12000,32,64,3,Vanilla,777552,65776,11998,196877,2.9931433
12000,32,64,3,Vanilla,775103,44759,11990,134223,2.9987936
12000,32,64,3,Vanilla,775683,76903,12000,229416,2.9831867
12000,32,64,3,Vanilla,775457,74780,11999,223335,2.9865606
12000,32,64,3,Vanilla,769384,77328,12000,230493,2.9807186
12000,32,64,3,Vanilla,768751,60594,11997,181503,2.9953957
12000,32,64,3,Vanilla,775002,64954,12000,194313,2.9915478
12000,32,64,3,Vanilla,779667,71361,11999,213424,2.9907653
12000,32,64,3,Vanilla,774624,71669,11999,213885,2.9843447
12000,32,64,3,Vanilla,779310,77594,12000,231352,2.9815707
12000,32,64,3,Vanilla,769436,72713,11999,217060,2.9851608
12000,32,64,3,Vanilla,782104,78149,11999,232482,2.9748557
12000,32,64,3,Vanilla,777282,63987,11996,191439,2.991842
12000,32,64,3,Vanilla,766153,66119,11993,197814,2.9917874
12000,32,64,3,Vanilla,774928,71142,11999,212498,2.9869556
12000,32,64,3,Vanilla,778172,61804,11995,184955,2.9926057
12000,32,64,3,Vanilla,774417,67577,12000,202129,2.9910917
12000,32,64,3,Vanilla,771865,52911,11994,158628,2.9980156
12000,32,64,3,Vanilla,770313,58824,11996,176214,2.995614
12000,32,64,3,Vanilla,770541,52485,11986,157354,2.9980757
12000,32,64,3,Vanilla,777485,60262,11993,180548,2.9960506
12000,32,64,3,Vanilla,773363,63874,11997,191245,2.9940977
12000,32,64,3,Vanilla,770334,51326,11987,153847,2.9974477
12000,32,64,3,Vanilla,772734,54384,11984,163018,2.997536
12000,48,64,3,Vanilla,773344,74012,11999,221880,2.9978921
12000,48,64,3,Vanilla,774573,66751,12000,200063,2.9971535
12000,48,64,3,Vanilla,774492,73672,12000,220700,2.9957106
12000,48,64,3,Vanilla,772133,68888,11999,206525,2.9979823
12000,48,64,3,Vanilla,774290,70438,12000,211245,2.9990203
12000,48,64,3,Vanilla,773248,68863,11999,206441,2.997851
12000,48,64,3,Vanilla,775158,66348,11998,198854,2.9971364
12000,48,64,3,Vanilla,774116,85091,11997,255003,2.996827
12000,48,64,3,Vanilla,774648,79946,11999,239494,2.995697
12000,48,64,3,Vanilla,774291,95959,11999,286964,2.9904854
12000,48,64,3,Vanilla,776305,58950,11992,176797,2.999101
12000,48,64,3,Vanilla,772520,87323,12000,261347,2.992877
12000,48,64,3,Vanilla,774394,60049,11999,180081,2.998901
12000,48,64,3,Vanilla,777080,69855,12000,209385,2.9974232
12000,48,64,3,Vanilla,774922,83345,11998,249651,2.9953926
12000,48,64,3,Vanilla,770494,80086,11998,240003,2.996816
12000,48,64,3,Vanilla,772559,73807,11999,221248,2.997656
12000,48,64,3,Vanilla,774745,70728,11996,212018,2.997653
12000,48,64,3,Vanilla,775086,53223,11991,159642,2.9994926
12000,48,64,3,Vanilla,771855,54630,11994,163861,2.999469
12000,48,64,3,Vanilla,774919,75335,12000,225837,2.99777
12000,48,64,3,Vanilla,772848,67482,11997,202376,2.9989626
12000,48,64,3,Vanilla,775400,90637,12000,271318,2.9934573
12000,48,64,3,Vanilla,775948,74737,11997,224006,2.997257
12000,48,64,3,Vanilla,775516,69724,11999,208956,2.996902
12000,48,64,3,Vanilla,777003,100838,12000,301196,2.9869294
12000,48,64,3,Vanilla,773099,66331,11998,198867,2.9981005
12000,48,64,3,Vanilla,775482,53581,11985,160701,2.999216
12000,48,64,3,Vanilla,775290,74543,12000,223303,2.9956267
12000,48,64,3,Vanilla,774849,66377,11993,198939,2.9971075
12000,48,64,3,Vanilla,773194,84162,12000,252197,2.996566
12000,48,64,3,Vanilla,772582,58645,11997,175814,2.9979367
12000,48,64,3,Vanilla,775444,77109,12000,231111,2.9971988
12000,48,64,3,Vanilla,774830,71510,11995,214316,2.9970074
12000,48,64,3,Vanilla,774804,69245,11997,207655,2.9988446
12000,48,64,3,Vanilla,775502,84335,12000,252770,2.9972136
12000,48,64,3,Vanilla,774143,90719,11998,271575,2.9935846
12000,48,64,3,Vanilla,774681,82970,12000,248547,2.995625
12000,48,64,3,Vanilla,773288,78092,12000,233873,2.9948394
12000,48,64,3,Vanilla,772609,97105,12000,290437,2.9909582
12000,48,64,3,Vanilla,773660,69146,11999,207226,2.996934
12000,48,64,3,Vanilla,772847,68250,11995,204627,2.9981978
12000,48,64,3,Vanilla,774255,54368,11983,163037,2.9987676
12000,48,64,3,Vanilla,774326,76023,11999,227821,2.9967377
12000,48,64,3,Vanilla,772356,74758,12000,223922,2.9952915
12000,48,64,3,Vanilla,775281,58666,11993,175961,2.9993694
12000,48,64,3,Vanilla,776766,87801,11998,262873,2.9939637
12000,48,64,3,Vanilla,773504,60070,11998,180110,2.9983354
12000,48,64,3,Vanilla,774378,76869,11998,230460,2.9980876
12000,48,64,3,Vanilla,771569,75224,11996,225265,2.9945896
12000,48,64,3,Vanilla,772653,65743,11995,197080,2.9977336
12000,48,64,3,Vanilla,774915,56452,11990,169303,2.999061
12000,48,64,3,Vanilla,773657,89034,12000,266557,2.9938788
12000,48,64,3,Vanilla,771319,70259,11998,210572,2.9970822
12000,48,64,3,Vanilla,774919,93152,12000,278723,2.9921312
12000,48,64,3,Vanilla,774563,55198,11998,165569,2.999547
12000,48,64,3,Vanilla,773999,85422,12000,255788,2.9944043
12000,48,64,3,Vanilla,774400,78195,11999,234249,2.995703
12000,48,64,3,Vanilla,773437,76048,12000,227877,2.996489
12000,48,64,3,Vanilla,774033,77749,12000,232891,2.9954212
12000,48,64,3,Vanilla,773220,59009,11998,176989,2.999356
12000,48,64,3,Vanilla,772416,59482,11995,178400,2.9992266
12000,48,64,3,Vanilla,775641,63041,11998,189029,2.998509
12000,48,64,3,Vanilla,772899,77867,11996,233250,2.9954922
12000,48,64,3,Vanilla,775542,101791,12000,303951,2.98603
12000,48,64,3,Vanilla,775084,87293,12000,261408,2.9946043
12000,48,64,3,Vanilla,774135,83478,11999,250049,2.995388
12000,48,64,3,Vanilla,777828,56632,11989,169857,2.9993114
12000,48,64,3,Vanilla,772700,86220,11998,258322,2.9960797
12000,48,64,3,Vanilla,774566,74467,11995,223195,2.9972336
12000,48,64,3,Vanilla,776003,61783,11998,185248,2.9983652
12000,48,64,3,Vanilla,776009,65101,11994,195235,2.9989555
12000,48,64,3,Vanilla,772088,80939,11998,242622,2.9975908
12000,48,64,3,Vanilla,774793,96641,11999,288882,2.9892282
12000,48,64,3,Vanilla,775038,94374,12000,282159,2.989796
12000,48,64,3,Vanilla,775275,74501,12000,223225,2.9962685
12000,48,64,3,Vanilla,776835,73151,11999,219214,2.9967327
12000,48,64,3,Vanilla,773889,98649,12000,294812,2.9884946
12000,48,64,3,Vanilla,776863,87423,12000,261834,2.9950242
12000,48,64,3,Vanilla,776029,76120,11998,228136,2.9970572
12000,48,64,3,Vanilla,775790,64757,11999,194174,2.998502
12000,48,64,3,Vanilla,774064,83007,11999,248486,2.9935548
12000,48,64,3,Vanilla,775179,68876,11997,206480,2.9978511
12000,48,64,3,Vanilla,777913,81116,12000,243015,2.9958947
12000,48,64,3,Vanilla,771585,83264,12000,249296,2.994043
12000,48,64,3,Vanilla,770872,74796,12000,224230,2.9978876
12000,48,64,3,Vanilla,773339,75149,11998,225320,2.99831
12000,48,64,3,Vanilla,774109,76333,12000,228681,2.995834
12000,48,64,3,Vanilla,776290,89539,12000,267778,2.9906297
12000,48,64,3,Vanilla,775697,93005,11999,278156,2.990764
12000,48,64,3,Vanilla,775426,91530,11995,273968,2.9932044
12000,48,64,3,Vanilla,774595,75449,11996,226104,2.9967792
12000,48,64,3,Vanilla,772707,83971,11997,251673,2.9971418
12000,48,64,3,Vanilla,772887,78673,11998,235784,2.9970129
12000,48,64,3,Vanilla,776407,75841,12000,227217,2.9959652
12000,48,64,3,Vanilla,773153,72638,12000,217557,2.9950852
12000,48,64,3,Vanilla,773671,80098,12000,240002,2.9963546
12000,48,64,3,Vanilla,770769,83447,11999,249899,2.9947033
12000,48,64,3,Vanilla,775339,89225,12000,267061,2.9931185
12000,48,64,3,Vanilla,774263,79824,12000,239224,2.9968932
12000,64,64,3,Vanilla,768000,85099,11997,254931,2.9956992
12000,64,64,3,Vanilla,768000,67409,11996,202177,2.9992583
12000,64,64,3,Vanilla,768000,73518,12000,220515,2.9994695
12000,64,64,3,Vanilla,768000,90995,12000,272594,2.995703
12000,64,64,3,Vanilla,768000,71690,12000,214983,2.9987864
12000,64,64,3,Vanilla,768000,71836,11998,215307,2.997202
12000,64,64,3,Vanilla,768000,80628,11999,241659,2.9972093
12000,64,64,3,Vanilla,768000,90047,12000,269914,2.9974792
12000,64,64,3,Vanilla,768000,84792,12000,254142,2.9972403
12000,64,64,3,Vanilla,768000,70960,11997,212700,2.9974635
12000,64,64,3,Vanilla,768000,72317,11998,216854,2.9986587
12000,64,64,3,Vanilla,768000,50663,11993,151959,2.9994078
12000,64,64,3,Vanilla,768000,81152,11997,243285,2.9978929
12000,64,64,3,Vanilla,768000,67199,11988,201568,2.9995685
12000,64,64,3,Vanilla,768000,65561,11998,196642,2.9993746
12000,64,64,3,Vanilla,768000,86257,12000,258520,2.99709
12000,64,64,3,Vanilla,768000,82382,11998,247007,2.9983127
12000,64,64,3,Vanilla,768000,72585,11998,217703,2.9992836
12000,64,64,3,Vanilla,768000,88000,12000,263705,2.9966478
12000,64,64,3,Vanilla,768000,53494,11996,160470,2.9997756
12000,64,64,3,Vanilla,768000,65023,11999,195045,2.999631
12000,64,64,3,Vanilla,768000,70745,11996,212059,2.997512
12000,64,64,3,Vanilla,768000,82160,11999,246199,2.99658
12000,64,64,3,Vanilla,768000,79278,12000,237755,2.9990034
12000,64,64,3,Vanilla,768000,71201,12000,213537,2.999073
12000,64,64,3,Vanilla,768000,81842,11998,245182,2.9957967
12000,64,64,3,Vanilla,768000,80956,11998,242663,2.9974678
12000,64,64,3,Vanilla,768000,54635,11991,163899,2.99989
12000,64,64,3,Vanilla,768000,75388,11996,226114,2.9993367
12000,64,64,3,Vanilla,768000,78971,11999,236603,2.9960744
12000,64,64,3,Vanilla,768000,72351,11997,216964,2.99877
12000,64,64,3,Vanilla,768000,74986,11999,224895,2.9991598
12000,64,64,3,Vanilla,768000,66083,11994,198132,2.9982295
12000,64,64,3,Vanilla,768000,76688,11999,229934,2.9983048
12000,64,64,3,Vanilla,768000,72749,11996,218196,2.999299
12000,64,64,3,Vanilla,768000,76641,11999,229811,2.9985387
12000,64,64,3,Vanilla,768000,80907,11999,242348,2.9953897
12000,64,64,3,Vanilla,768000,69517,11997,208491,2.999137
12000,64,64,3,Vanilla,768000,62866,11995,188547,2.9991887
12000,64,64,3,Vanilla,768000,87166,11998,261314,2.997889
12000,64,64,3,Vanilla,768000,82679,12000,247802,2.9971576
12000,64,64,3,Vanilla,768000,78108,12000,234272,2.9993343
12000,64,64,3,Vanilla,768000,74323,11997,222879,2.998789
12000,64,64,3,Vanilla,768000,65539,11997,196547,2.998932
12000,64,64,3,Vanilla,768000,76230,11998,228518,2.9977436
12000,64,64,3,Vanilla,768000,74461,12000,223285,2.998684
12000,64,64,3,Vanilla,768000,72880,11997,218598,2.9994237
12000,64,64,3,Vanilla,768000,65469,11999,196360,2.9992821
12000,64,64,3,Vanilla,768000,81657,11999,244733,2.9970853
12000,64,64,3,Vanilla,768000,63925,11998,191760,2.9997654
12000,64,64,3,Vanilla,768000,68174,11997,204363,2.9976678
12000,64,64,3,Vanilla,768000,83833,12000,251330,2.9979842
12000,64,64,3,Vanilla,768000,85256,11998,255558,2.997537
12000,64,64,3,Vanilla,768000,67429,11999,202212,2.9988878
12000,64,64,3,Vanilla,768000,60768,11990,182285,2.9996874
12000,64,64,3,Vanilla,768000,73209,12000,219501,2.9982789
12000,64,64,3,Vanilla,768000,81956,11996,245649,2.9973278
12000,64,64,3,Vanilla,768000,74309,12000,222758,2.9977257
12000,64,64,3,Vanilla,768000,88400,12000,265001,2.9977489
12000,64,64,3,Vanilla,768000,70266,11999,210745,2.9992456
12000,64,64,3,Vanilla,768000,71847,11999,215463,2.9989142
12000,64,64,3,Vanilla,768000,65171,11998,195464,2.999248
12000,64,64,3,Vanilla,768000,69565,11997,208668,2.9996119
12000,64,64,3,Vanilla,768000,75354,11997,226005,2.9992435
12000,64,64,3,Vanilla,768000,77450,11999,232164,2.9975984
12000,64,64,3,Vanilla,768000,86073,11999,257806,2.9952018
12000,64,64,3,Vanilla,768000,70734,11997,212091,2.9984307
12000,64,64,3,Vanilla,768000,80166,11997,240440,2.9992764
12000,64,64,3,Vanilla,768000,82938,12000,248636,2.9978538
12000,64,64,3,Vanilla,768000,87657,12000,262752,2.9975016
12000,64,64,3,Vanilla,768000,60817,11995,182409,2.9993093
12000,64,64,3,Vanilla,768000,82966,12000,248616,2.996601
12000,64,64,3,Vanilla,768000,71369,11999,213987,2.9983187
12000,64,64,3,Vanilla,768000,77803,11997,233253,2.997995
12000,64,64,3,Vanilla,768000,73767,12000,221214,2.9988205
12000,64,64,3,Vanilla,768000,55742,11988,167214,2.9997847
12000,64,64,3,Vanilla,768000,76879,11995,230472,2.9978538
12000,64,64,3,Vanilla,768000,89067,12000,266916,2.9968002
12000,64,64,3,Vanilla,768000,68494,11996,205413,2.9989927
12000,64,64,3,Vanilla,768000,78982,11999,236808,2.9982529
12000,64,64,3,Vanilla,768000,80501,11997,241327,2.9978137
12000,64,64,3,Vanilla,768000,63137,12000,189365,2.9992714
12000,64,64,3,Vanilla,768000,66767,11997,200252,2.9992661
12000,64,64,3,Vanilla,768000,80004,11999,239772,2.9970002
12000,64,64,3,Vanilla,768000,76228,11999,228527,2.9979403
12000,64,64,3,Vanilla,768000,63226,11996,189653,2.9996047
12000,64,64,3,Vanilla,768000,87823,11999,263323,2.9983375
12000,64,64,3,Vanilla,768000,78211,11996,234377,2.9967268
12000,64,64,3,Vanilla,768000,84575,12000,253437,2.9965947
12000,64,64,3,Vanilla,768000,62090,11996,186246,2.9996135
12000,64,64,3,Vanilla,768000,75818,11999,227359,2.998747
12000,64,64,3,Vanilla,768000,84205,12000,252414,2.997613
12000,64,64,3,Vanilla,768000,85413,12000,255956,2.9966867
12000,64,64,3,Vanilla,768000,83894,12000,251281,2.9952202
12000,64,64,3,Vanilla,768000,76549,12000,229558,2.9988372
12000,64,64,3,Vanilla,768000,75147,11999,225215,2.9969926
12000,64,64,3,Vanilla,768000,85592,12000,256552,2.9973829
12000,64,64,3,Vanilla,768000,83854,11999,251375,2.9977698
12000,64,64,3,Vanilla,768000,87569,12000,262506,2.9977047
12000,64,64,3,Vanilla,768000,52693,11994,158040,2.99926
12000,16,64,3,TwoChoices,781442,78703,11961,230707,2.9313622
12000,16,64,3,TwoChoices,768579,167832,12000,448099,2.669926
12000,16,64,3,TwoChoices,772171,110918,11992,315775,2.8469229
12000,16,64,3,TwoChoices,774858,173000,12000,459971,2.658792
12000,16,64,3,TwoChoices,774004,151809,12000,414218,2.728547
12000,16,64,3,TwoChoices,773598,145639,12000,400856,2.7523947
12000,16,64,3,TwoChoices,771213,137138,12000,380560,2.7750149
12000,16,64,3,TwoChoices,769280,118613,11997,334921,2.8236449
12000,16,64,3,TwoChoices,769397,87158,11982,253562,2.9092224
12000,16,64,3,TwoChoices,772093,144304,12000,397086,2.7517323
12000,16,64,3,TwoChoices,774941,154191,11999,419234,2.7189264
12000,16,64,3,TwoChoices,773987,134562,12000,374545,2.7834382
12000,16,64,3,TwoChoices,780836,101912,11990,292639,2.8714871
12000,16,64,3,TwoChoices,775170,169931,12000,454575,2.6750565
12000,16,64,3,TwoChoices,776400,157915,12000,426723,2.7022321
12000,16,64,3,TwoChoices,776075,107402,11996,307387,2.862023
12000,16,64,3,TwoChoices,777424,133125,12000,370507,2.7831511
12000,16,64,3,TwoChoices,777269,138314,11998,385111,2.7843242
12000,16,64,3,TwoChoices,779435,137482,12000,381598,2.7756217
12000,16,64,3,TwoChoices,776425,118985,11996,336133,2.8250031
12000,16,64,3,TwoChoices,780012,117879,11996,333830,2.831972
12000,16,64,3,TwoChoices,781396,133751,11998,372357,2.7839568
12000,16,64,3,TwoChoices,766380,111355,11991,316905,2.8458982
12000,16,64,3,TwoChoices,769367,149707,12000,409404,2.7347019
12000,16,64,3,TwoChoices,776212,116858,11999,332208,2.842835
12000,16,64,3,TwoChoices,782181,161519,12000,435619,2.6970139
12000,16,64,3,TwoChoices,767725,146852,12000,402102,2.7381446
12000,16,64,3,TwoChoices,780670,160080,12000,433201,2.7061532
12000,16,64,3,TwoChoices,775643,128844,11997,361287,2.8040655
12000,16,64,3,TwoChoices,774960,119889,11993,337414,2.8143866
12000,16,64,3,TwoChoices,775533,148246,11999,406930,2.7449644
12000,16,64,3,TwoChoices,771836,102117,11990,293519,2.8743403
12000,16,64,3,TwoChoices,772418,92050,11987,266177,2.8916566
12000,16,64,3,TwoChoices,763421,133772,12000,372340,2.7833927
12000,16,64,3,TwoChoices,768510,159118,12000,428807,2.6948993
12000,16,64,3,TwoChoices,778734,126319,11999,355467,2.8140423
12000,16,64,3,TwoChoices,772956,138497,11999,383642,2.7700384
12000,16,64,3,TwoChoices,783589,113867,11995,324507,2.8498776
12000,16,64,3,TwoChoices,771223,147752,12000,404754,2.7394147
12000,16,64,3,TwoChoices,768119,149471,11999,409485,2.7395616
12000,16,64,3,TwoChoices,774170,173716,12000,462097,2.6600716
12000,16,64,3,TwoChoices,777433,132133,11997,368022,2.7852392
12000,16,64,3,TwoChoices,775705,137051,12000,379607,2.7698228
12000,16,64,3,TwoChoices,771396,133145,11996,369709,2.7767396
12000,16,64,3,TwoChoices,769360,146515,12000,402491,2.7470975
12000,16,64,3,TwoChoices,769842,157402,12000,426041,2.7067063
12000,16,64,3,TwoChoices,779604,154231,12000,422130,2.7369983
12000,16,64,3,TwoChoices,768281,138258,12000,382155,2.7640715
12000,16,64,3,TwoChoices,774693,131427,12000,366039,2.7851126
12000,16,64,3,TwoChoices,773831,127900,11998,357649,2.7963173
12000,16,64,3,TwoChoices,775647,118231,12000,334826,2.8319645
12000,16,64,3,TwoChoices,777149,133735,11999,371375,2.776947
12000,16,64,3,TwoChoices,774460,151366,12000,411342,2.7175324
12000,16,64,3,TwoChoices,778364,141969,12000,391978,2.7610111
12000,16,64,3,TwoChoices,773091,176205,12000,466298,2.646338
12000,16,64,3,TwoChoices,779319,149759,11997,410184,2.7389605
12000,16,64,3,TwoChoices,774548,138429,11999,382688,2.7645075
12000,16,64,3,TwoChoices,769780,123590,12000,347944,2.8153086
12000,16,64,3,TwoChoices,772411,140915,12000,387459,2.7495937
12000,16,64,3,TwoChoices,773050,182500,12000,479030,2.624822
12000,16,64,3,TwoChoices,781309,115022,11994,326505,2.838631
12000,16,64,3,TwoChoices,779007,155179,12000,421813,2.718235
12000,16,64,3,TwoChoices,777124,142829,11999,394618,2.7628703
12000,16,64,3,TwoChoices,770148,157600,12000,426814,2.7082107
12000,16,64,3,TwoChoices,775424,151833,12000,415552,2.7369018
12000,16,64,3,TwoChoices,776909,141401,12000,391349,2.7676537
12000,16,64,3,TwoChoices,774249,172023,12000,456929,2.6562088
12000,16,64,3,TwoChoices,771672,160746,12000,433568,2.6972241
12000,16,64,3,TwoChoices,767874,143717,12000,395164,2.7495983
12000,16,64,3,TwoChoices,779694,145250,11999,399986,2.7537763
12000,16,64,3,TwoChoices,765360,164546,12000,440856,2.6792264
12000,16,64,3,TwoChoices,768363,124869,11998,351287,2.8132443
12000,16,64,3,TwoChoices,780383,157996,12000,429477,2.7182777
12000,16,64,3,TwoChoices,772488,121410,12000,343245,2.8271558
12000,16,64,3,TwoChoices,772816,140853,11998,389208,2.7632213
12000,16,64,3,TwoChoices,775422,112680,11999,320867,2.847595
12000,16,64,3,TwoChoices,777445,135106,11998,373387,2.7636597
12000,16,64,3,TwoChoices,775197,140969,11998,388585,2.7565281
12000,16,64,3,TwoChoices,775529,168656,12000,451371,2.676282
12000,16,64,3,TwoChoices,778887,170261,12000,454940,2.6720154
12000,16,64,3,TwoChoices,765477,122440,11994,345526,2.8220026
12000,16,64,3,TwoChoices,774092,85373,11971,249424,2.9215794
12000,16,64,3,TwoChoices,777447,170306,12000,456350,2.6795886
12000,16,64,3,TwoChoices,776928,124467,11999,349959,2.811661
12000,16,64,3,TwoChoices,774905,133134,12000,370268,2.7811677
12000,16,64,3,TwoChoices,768755,140064,12000,385993,2.7558331
12000,16,64,3,TwoChoices,784106,100113,11984,289397,2.8907034
12000,16,64,3,TwoChoices,771561,162963,11999,437391,2.6839895
12000,16,64,3,TwoChoices,773589,151582,12000,414198,2.7325013
12000,16,64,3,TwoChoices,768731,139341,11999,386950,2.7770004
12000,16,64,3,TwoChoices,780481,144448,12000,397988,2.7552338
12000,16,64,3,TwoChoices,779482,124846,11994,350309,2.805929
12000,16,64,3,TwoChoices,771325,124776,11996,350774,2.8112297
12000,16,64,3,TwoChoices,777148,102369,11988,294179,2.8737118
12000,16,64,3,TwoChoices,782481,147528,12000,404317,2.740612
12000,16,64,3,TwoChoices,767427,124015,11999,348985,2.8140547
12000,16,64,3,TwoChoices,775806,152985,12000,415047,2.7129915
12000,16,64,3,TwoChoices,768650,145264,12000,399758,2.7519412
12000,16,64,3,TwoChoices,778819,154356,12000,419854,2.7200367
12000,16,64,3,TwoChoices,778947,151767,12000,413397,2.7238925
12000,32,64,3,TwoChoices,773455,192202,12000,543045,2.8253868
12000,32,64,3,TwoChoices,771124,110570,11999,328366,2.9697566
12000,32,64,3,TwoChoices,774518,212149,12000,586976,2.7668102
12000,32,64,3,TwoChoices,782881,170604,12000,491143,2.878848
12000,32,64,3,TwoChoices,779980,204949,12000,571516,2.7885766
12000,32,64,3,TwoChoices,773352,189413,12000,536437,2.8321023
12000,32,64,3,TwoChoices,775933,190337,12000,538351,2.8284097
12000,32,64,3,TwoChoices,772702,198908,12000,558355,2.8071017
12000,32,64,3,TwoChoices,772918,182421,12000,519696,2.8488824
12000,32,64,3,TwoChoices,776025,172015,12000,494484,2.8746562
12000,32,64,3,TwoChoices,770953,209859,12000,581838,2.7725186
12000,32,64,3,TwoChoices,771264,149677,12000,436187,2.9141886
12000,32,64,3,TwoChoices,768800,159367,12000,462154,2.8999355
12000,32,64,3,TwoChoices,776834,186442,12000,529636,2.8407547
12000,32,64,3,TwoChoices,779739,205726,12000,573876,2.7895162
12000,32,64,3,TwoChoices,776148,191371,12000,540158,2.8225698
12000,32,64,3,TwoChoices,774252,212933,12000,588906,2.7656868
12000,32,64,3,TwoChoices,773930,194797,12000,550060,2.82376
12000,32,64,3,TwoChoices,774573,182384,12000,520865,2.85587
12000,32,64,3,TwoChoices,773228,157562,12000,457822,2.9056625
12000,32,64,3,TwoChoices,774084,187132,12000,530029,2.8323803
12000,32,64,3,TwoChoices,774481,150639,12000,439581,2.918109
12000,32,64,3,TwoChoices,772169,202168,12000,565644,2.797891
12000,32,64,3,TwoChoices,782226,224327,12000,612332,2.7296402
12000,32,64,3,TwoChoices,770981,162556,12000,470164,2.8923202
12000,32,64,3,TwoChoices,773620,169009,12000,487374,2.8837163
12000,32,64,3,TwoChoices,770146,165144,12000,476089,2.8828719
12000,32,64,3,TwoChoices,772903,128103,12000,376983,2.9428117
12000,32,64,3,TwoChoices,773690,153316,12000,445481,2.9056394
12000,32,64,3,TwoChoices,770575,211682,12000,585400,2.765469
12000,32,64,3,TwoChoices,776748,190911,12000,539182,2.8242583
12000,32,64,3,TwoChoices,774787,199072,12000,558848,2.8072658
12000,32,64,3,TwoChoices,771609,203141,12000,566487,2.7886393
12000,32,64,3,TwoChoices,773587,153470,12000,446483,2.9092526
12000,32,64,3,TwoChoices,773788,189638,12000,536062,2.8267646
12000,32,64,3,TwoChoices,773482,203406,12000,568249,2.7936687
12000,32,64,3,TwoChoices,772587,183792,12000,523664,2.8492208
12000,32,64,3,TwoChoices,773987,208403,12000,579896,2.7825704
12000,32,64,3,TwoChoices,780215,151437,12000,441063,2.912518
12000,32,64,3,TwoChoices,782104,207494,12000,577719,2.7842684
12000,32,64,3,TwoChoices,771870,205332,12000,571895,2.785221
12000,32,64,3,TwoChoices,775768,165485,12000,478423,2.8910356
12000,32,64,3,TwoChoices,774303,184596,12000,526475,2.852039
12000,32,64,3,TwoChoices,774931,178739,12000,512029,2.864674
12000,32,64,3,TwoChoices,768778,161244,12000,466915,2.8957047
12000,32,64,3,TwoChoices,769955,174927,12000,501655,2.8677962
12000,32,64,3,TwoChoices,771591,162060,12000,468920,2.8934963
12000,32,64,3,TwoChoices,773944,182734,12000,520734,2.849683
12000,32,64,3,TwoChoices,778373,186545,12000,529843,2.8402958
12000,32,64,3,TwoChoices,773368,166415,12000,480452,2.8870714
12000,32,64,3,TwoChoices,773370,213222,12000,588118,2.7582426
12000,32,64,3,TwoChoices,775591,231536,12000,625198,2.7002194
12000,32,64,3,TwoChoices,773921,219018,12000,601301,2.745441
12000,32,64,3,TwoChoices,776198,208412,12000,577904,2.7728922
12000,32,64,3,TwoChoices,769963,181629,12000,517380,2.848554
12000,32,64,3,TwoChoices,773096,133739,12000,394294,2.948235
12000,32,64,3,TwoChoices,773021,189779,12000,538372,2.8368366
12000,32,64,3,TwoChoices,770164,153841,12000,448378,2.9145546
12000,32,64,3,TwoChoices,770816,172141,12000,494422,2.872192
12000,32,64,3,TwoChoices,778782,209864,12000,582842,2.7772367
12000,32,64,3,TwoChoices,773634,212661,12000,587762,2.7638447
12000,32,64,3,TwoChoices,768055,208464,12000,579137,2.7781153
12000,32,64,3,TwoChoices,774166,212360,12000,586974,2.7640517
12000,32,64,3,TwoChoices,774712,172347,12000,496330,2.8798296
12000,32,64,3,TwoChoices,774032,212398,12000,587267,2.7649367
12000,32,64,3,TwoChoices,776899,203757,12000,567560,2.7854748
12000,32,64,3,TwoChoices,770598,161254,12000,466675,2.8940368
12000,32,64,3,TwoChoices,774698,140094,12000,409826,2.9253645
12000,32,64,3,TwoChoices,773447,156015,12000,453940,2.909592
12000,32,64,3,TwoChoices,777858,196154,12000,552680,2.8175821
12000,32,64,3,TwoChoices,770877,209859,12000,581923,2.7729237
12000,32,64,3,TwoChoices,772411,175782,12000,503577,2.8647814
12000,32,64,3,TwoChoices,774276,159457,12000,461720,2.895577
12000,32,64,3,TwoChoices,779691,208725,12000,580398,2.7806828
12000,32,64,3,TwoChoices,767316,144061,12000,421315,2.9245598
12000,32,64,3,TwoChoices,775406,204779,12000,569412,2.7806172
12000,32,64,3,TwoChoices,771695,193525,12000,546299,2.822886
12000,32,64,3,TwoChoices,775487,166870,12000,480226,2.877845
12000,32,64,3,TwoChoices,773362,156625,12000,454220,2.9000478
12000,32,64,3,TwoChoices,774772,173601,12000,497878,2.8679442
12000,32,64,3,TwoChoices,772984,221019,12000,603773,2.7317696
12000,32,64,3,TwoChoices,773239,183275,12000,522299,2.8498104
12000,32,64,3,TwoChoices,770398,185774,12000,527084,2.8372324
12000,32,64,3,TwoChoices,778861,174447,12000,500826,2.870935
12000,32,64,3,TwoChoices,770615,180503,12000,515594,2.8564289
12000,32,64,3,TwoChoices,772343,220784,12000,604364,2.737354
12000,32,64,3,TwoChoices,781455,196117,12000,551312,2.8111382
12000,32,64,3,TwoChoices,770534,201497,12000,563735,2.797734
12000,32,64,3,TwoChoices,774400,205997,12000,573313,2.7831132
12000,32,64,3,TwoChoices,779962,198553,12000,558441,2.812554
12000,32,64,3,TwoChoices,775155,214077,12000,592125,2.765944
12000,32,64,3,TwoChoices,778628,188140,12000,532627,2.8310142
12000,32,64,3,TwoChoices,774030,220596,12000,605227,2.7435992
12000,32,64,3,TwoChoices,775437,191889,12000,544000,2.8349724
12000,32,64,3,TwoChoices,770587,173267,12000,498028,2.8743384
12000,32,64,3,TwoChoices,773428,201912,12000,564848,2.7974958
12000,32,64,3,TwoChoices,773825,170243,12000,490407,2.8806295
12000,32,64,3,TwoChoices,772932,170019,12000,491202,2.8891006
12000,32,64,3,TwoChoices,767719,179584,12000,513362,2.8586178
12000,32,64,3,TwoChoices,771267,209348,12000,579562,2.7684143
12000,48,64,3,TwoChoices,778477,253660,12000,715329,2.8200307
12000,48,64,3,TwoChoices,772924,257047,12000,717848,2.7926722
12000,48,64,3,TwoChoices,772096,257804,12000,718876,2.7884595
12000,48,64,3,TwoChoices,774295,223493,12000,653790,2.9253266
12000,48,64,3,TwoChoices,773094,253734,12000,712866,2.8095012
12000,48,64,3,TwoChoices,774985,253965,12000,715148,2.8159313
12000,48,64,3,TwoChoices,777251,250770,12000,708970,2.8271723
12000,48,64,3,TwoChoices,773223,256398,12000,718377,2.8018043
12000,48,64,3,TwoChoices,773045,246135,12000,699548,2.8421314
12000,48,64,3,TwoChoices,775315,248114,12000,704356,2.8388402
12000,48,64,3,TwoChoices,774197,251234,12000,708312,2.819332
12000,48,64,3,TwoChoices,773513,224385,12000,654515,2.9169285
12000,48,64,3,TwoChoices,772809,247639,12000,703076,2.8391166
12000,48,64,3,TwoChoices,774517,260176,12000,723693,2.7815518
12000,48,64,3,TwoChoices,775259,248848,12000,705600,2.835466
12000,48,64,3,TwoChoices,773318,227094,12000,660743,2.9095573
12000,48,64,3,TwoChoices,774598,210645,12000,620813,2.9472003
12000,48,64,3,TwoChoices,772607,233205,12000,674851,2.8938103
12000,48,64,3,TwoChoices,775193,242601,12000,693371,2.8580716
12000,48,64,3,TwoChoices,771942,213320,12000,627878,2.943362
12000,48,64,3,TwoChoices,774844,240722,12000,690771,2.8695798
12000,48,64,3,TwoChoices,771273,236502,12000,681819,2.8829312
12000,48,64,3,TwoChoices,774163,243048,12000,692954,2.8510993
12000,48,64,3,TwoChoices,773232,247334,12000,701955,2.8380854
12000,48,64,3,TwoChoices,774893,246109,12000,699976,2.8441706
12000,48,64,3,TwoChoices,773153,234250,12000,677328,2.891475
12000,48,64,3,TwoChoices,773774,245580,12000,699433,2.848086
12000,48,64,3,TwoChoices,775598,260502,12000,724878,2.7826197
12000,48,64,3,TwoChoices,774751,249913,12000,707150,2.8295846
12000,48,64,3,TwoChoices,774900,229704,12000,667686,2.9067235
12000,48,64,3,TwoChoices,771745,249922,12000,705401,2.8224847
12000,48,64,3,TwoChoices,774500,258358,12000,721518,2.7927063
12000,48,64,3,TwoChoices,773344,227640,12000,662640,2.910912
12000,48,64,3,TwoChoices,777062,187587,12000,558528,2.9774344
12000,48,64,3,TwoChoices,776087,250472,12000,708330,2.8279808
12000,48,64,3,TwoChoices,776227,249928,12000,707321,2.830099
12000,48,64,3,TwoChoices,772146,247750,12000,702537,2.835669
12000,48,64,3,TwoChoices,775565,235277,12000,678977,2.885862
12000,48,64,3,TwoChoices,771436,217828,12000,638931,2.9331903
12000,48,64,3,TwoChoices,772338,252693,12000,711672,2.8163502
12000,48,64,3,TwoChoices,776128,261250,12000,725727,2.7779024
12000,48,64,3,TwoChoices,774846,252550,12000,711607,2.8176875
12000,48,64,3,TwoChoices,773525,258518,12000,720317,2.7863321
12000,48,64,3,TwoChoices,773982,254002,12000,713486,2.8089778
12000,48,64,3,TwoChoices,771453,256019,12000,716890,2.8001437
12000,48,64,3,TwoChoices,774092,252467,12000,711552,2.818396
12000,48,64,3,TwoChoices,774038,251164,12000,709860,2.8262808
12000,48,64,3,TwoChoices,773283,238793,12000,686234,2.873761
12000,48,64,3,TwoChoices,774894,236601,12000,681850,2.881856
12000,48,64,3,TwoChoices,777667,256948,12000,720205,2.8029213
12000,48,64,3,TwoChoices,773099,241359,12000,691869,2.8665557
12000,48,64,3,TwoChoices,771615,214677,12000,631161,2.9400494
12000,48,64,3,TwoChoices,772487,258857,12000,720836,2.784688
12000,48,64,3,TwoChoices,775983,260410,12000,723733,2.7792058
12000,48,64,3,TwoChoices,774768,244363,12000,696972,2.8521993
12000,48,64,3,TwoChoices,774831,258782,12000,721532,2.7881846
12000,48,64,3,TwoChoices,776171,203025,12000,601334,2.9618716
12000,48,64,3,TwoChoices,774749,263711,12000,728011,2.7606394
12000,48,64,3,TwoChoices,773627,261450,12000,725135,2.773513
12000,48,64,3,TwoChoices,775989,235554,12000,679601,2.8851175
12000,48,64,3,TwoChoices,771833,219065,12000,642842,2.9344807
12000,48,64,3,TwoChoices,772917,227014,12000,661008,2.9117498
12000,48,64,3,TwoChoices,775494,255742,12000,716665,2.8022969
12000,48,64,3,TwoChoices,772981,226766,12000,661556,2.917351
12000,48,64,3,TwoChoices,775147,258185,12000,720152,2.7892869
12000,48,64,3,TwoChoices,774333,212435,12000,626086,2.9471886
12000,48,64,3,TwoChoices,774164,251739,12000,709995,2.8203616
12000,48,64,3,TwoChoices,775253,235226,12000,679973,2.890722
12000,48,64,3,TwoChoices,772661,247195,12000,701835,2.8391957
12000,48,64,3,TwoChoices,777562,258816,12000,722917,2.7931697
12000,48,64,3,TwoChoices,777174,255727,12000,718709,2.8104541
12000,48,64,3,TwoChoices,772675,243480,12000,696304,2.8597996
12000,48,64,3,TwoChoices,774268,234476,12000,677450,2.8892083
12000,48,64,3,TwoChoices,776591,220405,12000,646083,2.9313445
12000,48,64,3,TwoChoices,773039,221346,12000,647240,2.9241097
12000,48,64,3,TwoChoices,772101,258639,12000,719497,2.7818582
12000,48,64,3,TwoChoices,776914,249900,12000,707583,2.8314645
12000,48,64,3,TwoChoices,772150,254189,12000,713877,2.8084495
12000,48,64,3,TwoChoices,774810,227582,12000,662172,2.9095974
12000,48,64,3,TwoChoices,775682,252814,12000,712518,2.8183486
12000,48,64,3,TwoChoices,773796,257664,12000,718906,2.790091
12000,48,64,3,TwoChoices,771499,238165,12000,685251,2.877211
12000,48,64,3,TwoChoices,776050,256829,12000,718974,2.7994268
12000,48,64,3,TwoChoices,773666,251228,12000,709389,2.8236861
12000,48,64,3,TwoChoices,771375,250521,12000,707226,2.823021
12000,48,64,3,TwoChoices,775070,250964,12000,708712,2.8239589
12000,48,64,3,TwoChoices,772787,238267,12000,685821,2.8783717
12000,48,64,3,TwoChoices,771740,184047,12000,548248,2.9788477
12000,48,64,3,TwoChoices,774945,246860,12000,701618,2.8421698
12000,48,64,3,TwoChoices,774509,255751,12000,715609,2.7980692
12000,48,64,3,TwoChoices,774714,247308,12000,702055,2.838788
12000,48,64,3,TwoChoices,772341,250498,12000,708756,2.829388
12000,48,64,3,TwoChoices,772718,258303,12000,721590,2.7935796
12000,48,64,3,TwoChoices,775280,242781,12000,694522,2.8606935
12000,48,64,3,TwoChoices,773655,244526,12000,696488,2.8483188
12000,48,64,3,TwoChoices,768382,251213,12000,708043,2.8184967
12000,48,64,3,TwoChoices,773001,232063,12000,673161,2.9007683
12000,48,64,3,TwoChoices,772738,257917,12000,719552,2.7898588
12000,48,64,3,TwoChoices,776010,255887,12000,716886,2.8015726
12000,48,64,3,TwoChoices,778149,234991,12000,678412,2.88697
12000,64,64,3,TwoChoices,768000,246460,12000,729154,2.9585085
12000,64,64,3,TwoChoices,768000,247248,12000,730248,2.953504
12000,64,64,3,TwoChoices,768000,245798,12000,728360,2.9632463
12000,64,64,3,TwoChoices,768000,246446,12000,728758,2.9570696
12000,64,64,3,TwoChoices,768000,250226,12000,735113,2.937796
12000,64,64,3,TwoChoices,768000,249570,12000,734820,2.9443443
12000,64,64,3,TwoChoices,768000,245571,12000,727448,2.9622717
12000,64,64,3,TwoChoices,768000,248929,12000,734334,2.9499736
12000,64,64,3,TwoChoices,768000,245017,12000,726045,2.9632435
12000,64,64,3,TwoChoices,768000,244829,12000,726233,2.9662867
12000,64,64,3,TwoChoices,768000,243483,12000,723819,2.9727702
12000,64,64,3,TwoChoices,768000,248916,12000,732882,2.9442945
12000,64,64,3,TwoChoices,768000,242510,12000,721075,2.9733825
12000,64,64,3,TwoChoices,768000,250966,12000,736424,2.9343576
12000,64,64,3,TwoChoices,768000,248801,12000,733045,2.9463105
12000,64,64,3,TwoChoices,768000,247367,12000,731204,2.955948
12000,64,64,3,TwoChoices,768000,246766,12000,728476,2.9520922
12000,64,64,3,TwoChoices,768000,248483,12000,731565,2.944125
12000,64,64,3,TwoChoices,768000,245625,12000,727351,2.9612255
12000,64,64,3,TwoChoices,768000,250014,12000,735126,2.9403393
12000,64,64,3,TwoChoices,768000,247165,12000,729678,2.95219
12000,64,64,3,TwoChoices,768000,250090,12000,734869,2.9384181
12000,64,64,3,TwoChoices,768000,243414,12000,723547,2.9724953
12000,64,64,3,TwoChoices,768000,247573,12000,730499,2.950641
12000,64,64,3,TwoChoices,768000,248761,12000,733440,2.9483721
12000,64,64,3,TwoChoices,768000,248083,12000,732701,2.9534512
12000,64,64,3,TwoChoices,768000,247875,12000,732068,2.9533756
12000,64,64,3,TwoChoices,768000,249598,12000,733423,2.938417
12000,64,64,3,TwoChoices,768000,244830,12000,725783,2.9644365
12000,64,64,3,TwoChoices,768000,250403,12000,734853,2.9346812
12000,64,64,3,TwoChoices,768000,248767,12000,733733,2.9494789
12000,64,64,3,TwoChoices,768000,246933,12000,729475,2.9541414
12000,64,64,3,TwoChoices,768000,248141,12000,731288,2.9470663
12000,64,64,3,TwoChoices,768000,252239,12000,737295,2.9230015
12000,64,64,3,TwoChoices,768000,249550,12000,734637,2.943847
12000,64,64,3,TwoChoices,768000,248707,12000,732628,2.9457474
12000,64,64,3,TwoChoices,768000,251236,12000,735600,2.9279244
12000,64,64,3,TwoChoices,768000,252856,12000,738330,2.9199624
12000,64,64,3,TwoChoices,768000,247024,12000,730331,2.9565184
12000,64,64,3,TwoChoices,768000,250191,12000,734711,2.9366004
12000,64,64,3,TwoChoices,768000,247088,12000,729839,2.9537613
12000,64,64,3,TwoChoices,768000,247633,12000,730647,2.9505236
12000,64,64,3,TwoChoices,768000,246135,12000,729243,2.9627764
12000,64,64,3,TwoChoices,768000,249660,12000,735018,2.944076
12000,64,64,3,TwoChoices,768000,247898,12000,731582,2.951141
12000,64,64,3,TwoChoices,768000,245162,12000,727022,2.9654758
12000,64,64,3,TwoChoices,768000,248638,12000,732503,2.946062
12000,64,64,3,TwoChoices,768000,236838,12000,707547,2.9874725
12000,64,64,3,TwoChoices,768000,244708,12000,726336,2.9681742
12000,64,64,3,TwoChoices,768000,249529,12000,734082,2.9418705
12000,64,64,3,TwoChoices,768000,241269,12000,717742,2.974862
12000,64,64,3,TwoChoices,768000,246407,12000,728418,2.956158
12000,64,64,3,TwoChoices,768000,243460,12000,722646,2.9682329
12000,64,64,3,TwoChoices,768000,247954,12000,731838,2.951507
12000,64,64,3,TwoChoices,768000,245603,12000,727791,2.963282
12000,64,64,3,TwoChoices,768000,248428,12000,731933,2.946258
12000,64,64,3,TwoChoices,768000,246551,12000,729421,2.9584994
12000,64,64,3,TwoChoices,768000,246772,12000,729432,2.9558945
12000,64,64,3,TwoChoices,768000,248244,12000,731505,2.9467177
12000,64,64,3,TwoChoices,768000,246181,12000,728444,2.9589772
12000,64,64,3,TwoChoices,768000,247302,12000,731388,2.957469
12000,64,64,3,TwoChoices,768000,243873,12000,724397,2.9703863
12000,64,64,3,TwoChoices,768000,248340,12000,732839,2.9509504
12000,64,64,3,TwoChoices,768000,243629,12000,721893,2.9630833
12000,64,64,3,TwoChoices,768000,244158,12000,724486,2.9672835
12000,64,64,3,TwoChoices,768000,244566,12000,725377,2.9659765
12000,64,64,3,TwoChoices,768000,247507,12000,730473,2.9513226
12000,64,64,3,TwoChoices,768000,242319,12000,720083,2.9716325
12000,64,64,3,TwoChoices,768000,247857,12000,730405,2.9468806
12000,64,64,3,TwoChoices,768000,246082,12000,728489,2.9603505
12000,64,64,3,TwoChoices,768000,247432,12000,730621,2.9528153
12000,64,64,3,TwoChoices,768000,249935,12000,734425,2.938464
12000,64,64,3,TwoChoices,768000,247685,12000,730091,2.9476593
12000,64,64,3,TwoChoices,768000,251447,12000,736270,2.928132
12000,64,64,3,TwoChoices,768000,247995,12000,731983,2.951604
12000,64,64,3,TwoChoices,768000,247700,12000,731222,2.9520469
12000,64,64,3,TwoChoices,768000,244601,12000,725098,2.9644115
12000,64,64,3,TwoChoices,768000,247906,12000,731180,2.9494243
12000,64,64,3,TwoChoices,768000,240318,12000,715705,2.978158
12000,64,64,3,TwoChoices,768000,249434,12000,734914,2.9463265
12000,64,64,3,TwoChoices,768000,246593,12000,729427,2.95802
12000,64,64,3,TwoChoices,768000,248620,12000,731437,2.9419878
12000,64,64,3,TwoChoices,768000,251025,12000,735826,2.9312856
12000,64,64,3,TwoChoices,768000,249411,12000,733222,2.939814
12000,64,64,3,TwoChoices,768000,247251,12000,729939,2.9522185
12000,64,64,3,TwoChoices,768000,246644,12000,728759,2.9547
12000,64,64,3,TwoChoices,768000,249398,12000,733742,2.9420524
12000,64,64,3,TwoChoices,768000,246472,12000,728587,2.956064
12000,64,64,3,TwoChoices,768000,251026,12000,735470,2.9298558
12000,64,64,3,TwoChoices,768000,243657,12000,722994,2.9672613
12000,64,64,3,TwoChoices,768000,248518,12000,732594,2.947851
12000,64,64,3,TwoChoices,768000,245855,12000,728103,2.961514
12000,64,64,3,TwoChoices,768000,248932,12000,731708,2.939389
12000,64,64,3,TwoChoices,768000,247699,12000,731897,2.954784
12000,64,64,3,TwoChoices,768000,248209,12000,731406,2.9467344
12000,64,64,3,TwoChoices,768000,245729,12000,726873,2.958027
12000,64,64,3,TwoChoices,768000,244097,12000,724618,2.9685657
12000,64,64,3,TwoChoices,768000,244966,12000,726413,2.9653625
12000,64,64,3,TwoChoices,768000,244331,12000,725420,2.969005
12000,64,64,3,TwoChoices,768000,250783,12000,736037,2.9349558
